<?xml version="1.0" encoding="UTF-8" standalone="yes"?>
<addon id="plugin.firedrop" name="FireDrop" version="0.1.9" provider-name="FireDrop">
<requires>
  <import addon="xbmc.python" version="2.14.0"/>
  <import addon="script.common.plugin.cache" version="0.9.1" />
</requires>
<extension point="xbmc.python.pluginsource" library="addon.py">
  <provides>audio image video</provides>
</extension>
<extension point="xbmc.addon.metadata"> 
  <summary lang="en">Firedrop Video, Audio and Image Podcasts</summary>
  <description lang="en">Addon for watching Firedrop from XBMC.</description>
  <platform>all</platform> 
</extension>
</addon>
