<?xml version="1.0" encoding="UTF-8"?>
    <addon id="plugin.firedrop" name="FireDrop" version="0.1.5" provider-name="PNvasK">
        <requires>
            <import addon="xbmc.addon" version="12.0.0"/>
        </requires>
        <extension point="xbmc.addon.repository" name="FireDrop">
            <info compressed="false">https://raw.githubusercontent.com/firedroprepo/kodiaddon/_repo/addons.xml</info>
            <checksum>https://raw.githubusercontent.com/firedroprepo/kodiaddon/_repo/addons.xml.md5</checksum>
            <datadir zip="true">https://raw.githubusercontent.com/firedroprepo/kodiaddon/_repo/</datadir>
            <hashes>false</hashes>
        </extension>
        <extension point="xbmc.addon.metadata">
            <summary>Addon for watching Firedrop from XBMC.</summary>
            <description>Addon for watching Firedrop from XBMC.</description>
            <platform>all</platform>
    </extension>
</addon>